{
  "AAPL": 4.683333333333332,
  "MSFT": 4.933333333333332,
  "GOOGL": 5.858333333333331
}